id,identificador,fecha,necesidad,tipousuario,estabilidadeconomica,actividad,rangoedad,updated_at,created_at
1,1,2016-11-01,61/+años,Persona,Independiente,"Encontrar una oficina o cajero","36/50 años","2016-01-01 05:23:36","2016-01-01 08:35:51"
2,2,2016-11-01,"Encontrar una oficina o cajero",Persona,Independiente,"18/24 años",61/+años,"2016-09-01 05:11:11","2016-12-01 10:00:00"
3,3,2016-11-10,Ahorrar,Empresa,Comercio,"Necesito un seguro",61/+años,"2016-12-01 00:00:00","2016-12-01 00:00:00"
4,4,2016-11-17,"Mi actividad",Persona,Comercio,"Encontrar una oficina o cajero","18/24 años","2016-12-02 00:00:00","2016-12-02 00:00:00"
5,5,2016-11-01,Ahorrar,Persona,Comercio,"Necesito un seguro",61/+años,"2016-12-03 00:00:00","2016-12-03 00:00:00"
6,6,2016-11-10,Ahorrar,Persona,Comercio,Asalariado,"25/35 años","2016-12-04 00:00:00","2016-12-04 00:00:00"
7,7,2016-11-04,Ahorrar,Persona,"Conocer más sobre FIE","Encontrar una oficina o cajero","36/50 años","2016-12-05 00:00:00","2016-12-05 00:00:00"
8,99,2016-11-17,"Mi actividad",Persona,"Encontrar una oficina o cajero","Conocer más sobre FIE","51/60 años","2016-12-06 00:00:00","2016-12-06 00:00:00"
9,99,2016-11-09,Educación,Empresa,Comercio,Independiente,"36/50 años","2016-12-07 00:00:00","2016-12-07 00:00:00"
10,123,2016-11-01,Vivienda,Empresa,Comercio,"36/50 años","18/24 años","2016-12-08 00:00:00","2016-12-08 00:00:00"
11,1,2016-04-08,Educación,,Independiente,Comercio,Empresa,"2016-04-20 08:00:00","2016-02-25 08:00:00"
12,2,2016-05-05,"Realizar una transacción",,Independiente,Productor,"18/24 años","2016-01-28 08:00:00","2016-03-06 08:00:00"
13,3,2016-03-29,Educación,,Independiente,Productor,"25/35 años","2016-01-28 08:00:00","2016-06-24 08:00:00"
14,4,2016-01-21,Vehículos,Persona,Asalariado,Productor,Empresa,"2016-04-06 08:00:00","2016-03-08 08:00:00"
15,5,2016-03-24,Educación,Persona,Asalariado,Productor,"51/60 años","2016-02-03 08:00:00","2016-04-21 08:00:00"
16,6,2016-06-07,Ahorrar,Persona,Independiente,Comercio,"25/35 años","2016-04-06 08:00:00","2016-02-28 08:00:00"
17,7,2016-03-01,Vehículos,,Independiente,Comercio,"36/50 años","2016-02-18 08:00:00","2016-02-03 08:00:00"
18,8,2016-02-24,Vehículos,,Asalariado,Comercio,Empresa,"2016-03-16 08:00:00","2016-01-16 08:00:00"
19,9,2016-05-13,Garantías,Persona,Independiente,Productor,"36/50 años","2016-05-15 08:00:00","2016-05-29 08:00:00"
20,10,2016-03-08,"Requiero asistencia",,Independiente,Comercio,"51/60 años","2016-06-24 08:00:00","2016-02-04 08:00:00"
21,11,2016-05-13,Garantías,,Independiente,Productor,Empresa,"2016-06-10 08:00:00","2016-02-18 08:00:00"
22,12,2016-06-11,Vehículos,,Asalariado,Productor,Empresa,"2016-03-21 08:00:00","2016-01-01 08:00:00"
23,13,2016-03-26,Vivienda,Persona,Independiente,Productor,"36/50 años","2016-06-27 08:00:00","2016-01-30 08:00:00"
24,14,2016-04-02,Vehículos,Persona,Independiente,Comercio,"18/24 años","2016-04-06 08:00:00","2016-06-11 08:00:00"
25,15,2016-02-23,"Encontrar una oficina o cajero",,Independiente,Productor,Empresa,"2016-04-11 08:00:00","2016-05-08 08:00:00"
26,16,2016-01-04,Inversión,Persona,Asalariado,Comercio,"18/24 años","2016-06-12 08:00:00","2016-04-10 08:00:00"
27,17,2016-01-27,"Necesito un seguro",,Asalariado,Comercio,"36/50 años","2016-04-26 08:00:00","2016-06-08 08:00:00"
28,18,2016-05-06,Operación,Persona,Independiente,Productor,"36/50 años","2016-02-01 08:00:00","2016-03-18 08:00:00"
29,19,2016-02-11,"Conocer más sobre FIE",Persona,Asalariado,Productor,61/+años,"2016-05-21 08:00:00","2016-01-24 08:00:00"
30,20,2016-04-09,Operación,Persona,Asalariado,Comercio,"51/60 años","2016-05-27 08:00:00","2016-01-05 08:00:00"
31,21,2016-04-12,"Libre disponibilidad",Persona,Asalariado,Productor,61/+años,"2016-01-05 08:00:00","2016-04-10 08:00:00"
32,22,2016-06-26,Educación,Persona,Asalariado,Productor,"36/50 años","2016-06-25 08:00:00","2016-05-30 08:00:00"
33,23,2016-05-25,Inversión,Persona,Asalariado,Productor,"18/24 años","2016-05-25 08:00:00","2016-01-12 08:00:00"
34,24,2016-04-03,"Encontrar una oficina o cajero",Persona,Asalariado,Comercio,"25/35 años","2016-05-15 08:00:00","2016-06-05 08:00:00"
35,25,2016-05-28,"Conocer más sobre FIE",,Independiente,Comercio,61/+años,"2016-04-12 08:00:00","2016-05-14 08:00:00"
36,26,2016-01-12,Inversión,Persona,Asalariado,Comercio,"18/24 años","2016-02-24 08:00:00","2016-01-19 08:00:00"
37,27,2016-01-02,Educación,,Independiente,Productor,61/+años,"2016-02-22 08:00:00","2016-05-07 08:00:00"
38,28,2016-02-17,"Necesito una tarjeta",Persona,Independiente,Productor,"51/60 años","2016-04-26 08:00:00","2016-02-01 08:00:00"
39,29,2016-02-28,"Mi actividad",,Independiente,Comercio,Empresa,"2016-06-27 08:00:00","2016-04-29 08:00:00"
40,30,2016-02-18,Garantías,,Asalariado,Productor,Empresa,"2016-05-06 08:00:00","2016-06-04 08:00:00"
41,31,2016-05-31,"Libre disponibilidad",Persona,Independiente,Productor,"36/50 años","2016-04-07 08:00:00","2016-02-26 08:00:00"
42,32,2016-05-22,"Conocer más sobre FIE",,Independiente,Comercio,"18/24 años","2016-01-23 08:00:00","2016-01-03 08:00:00"
43,33,2016-01-23,"Necesito una tarjeta",Persona,Asalariado,Productor,Empresa,"2016-04-15 08:00:00","2016-03-21 08:00:00"
44,34,2016-02-22,"Necesito un seguro",Persona,Independiente,Comercio,"51/60 años","2016-04-22 08:00:00","2016-03-03 08:00:00"
45,35,2016-05-28,Garantías,Persona,Independiente,Comercio,Empresa,"2016-04-26 08:00:00","2016-05-24 08:00:00"
46,36,2016-05-24,"Necesito un seguro",,Independiente,Comercio,"51/60 años","2016-04-23 08:00:00","2016-04-24 08:00:00"
47,37,2016-02-24,"Requiero asistencia",Persona,Independiente,Comercio,"18/24 años","2016-06-12 08:00:00","2016-05-25 08:00:00"
48,38,2016-06-27,Operación,Persona,Asalariado,Comercio,"36/50 años","2016-02-16 08:00:00","2016-05-24 08:00:00"
49,39,2016-05-06,Garantías,,Independiente,Productor,Empresa,"2016-05-02 08:00:00","0000-00-00 00:00:00"
50,40,2016-01-23,Operación,,Independiente,Comercio,"36/50 años","2016-06-28 08:00:00","2016-04-05 08:00:00"
51,41,2016-06-24,Garantías,Persona,Independiente,Productor,"25/35 años","2016-05-29 08:00:00","2016-02-14 08:00:00"
52,42,2016-06-13,Garantías,,Asalariado,Comercio,"51/60 años","2016-03-13 08:00:00","2016-06-26 08:00:00"
53,43,2016-03-04,Inversión,Persona,Independiente,Productor,"25/35 años","2016-04-29 08:00:00","0000-00-00 00:00:00"
54,44,2016-06-15,"Realizar una transacción",Persona,Asalariado,Comercio,"18/24 años","2016-04-08 08:00:00","2016-03-18 08:00:00"
55,45,2016-02-06,"Realizar una transacción",Persona,Independiente,Comercio,Empresa,"2016-04-13 08:00:00","2016-03-31 08:00:00"
56,46,2016-01-18,"Requiero asistencia",,Asalariado,Productor,"51/60 años","2016-02-18 08:00:00","2016-03-19 08:00:00"
57,47,2016-05-28,Vivienda,,Independiente,Comercio,Empresa,"2016-03-30 08:00:00","2016-04-01 08:00:00"
58,48,2016-04-23,"Conocer más sobre FIE",Persona,Asalariado,Comercio,"25/35 años","2016-05-25 08:00:00","2016-04-06 08:00:00"
59,49,2016-02-18,Operación,Persona,Independiente,Comercio,61/+años,"2016-03-14 08:00:00","2016-05-23 08:00:00"
60,50,2016-06-26,"Necesito una tarjeta",,Asalariado,Productor,61/+años,"2016-02-15 08:00:00","2016-05-20 08:00:00"
61,51,2016-04-28,"Encontrar una oficina o cajero",,Asalariado,Productor,61/+años,"2016-06-14 08:00:00","2016-05-30 08:00:00"
62,52,2016-04-11,"Libre disponibilidad",,Independiente,Productor,"18/24 años","2016-02-28 08:00:00","2016-03-27 08:00:00"
63,53,2016-06-02,Vehículos,,Independiente,Productor,"51/60 años","2016-03-16 08:00:00","2016-03-14 08:00:00"
64,54,2016-03-05,Garantías,Persona,Asalariado,Comercio,"51/60 años","2016-05-05 08:00:00","2016-02-16 08:00:00"
65,55,2016-02-25,"Requiero asistencia",Persona,Asalariado,Productor,"36/50 años","2016-01-29 08:00:00","2016-01-17 08:00:00"
66,56,2016-01-11,"Necesito un seguro",Persona,Asalariado,Productor,"25/35 años","2016-05-31 08:00:00","2016-04-15 08:00:00"
67,57,2016-03-07,"Necesito un seguro",Persona,Independiente,Comercio,"18/24 años","2016-04-22 08:00:00","2016-01-14 08:00:00"
68,58,2016-01-28,"Necesito un seguro",Persona,Asalariado,Productor,"51/60 años","2016-02-03 08:00:00","2016-03-29 08:00:00"
69,59,2016-03-06,"Necesito una tarjeta",Persona,Independiente,Productor,"36/50 años","2016-05-23 08:00:00","2016-03-29 08:00:00"
70,60,2016-06-09,"Conocer más sobre FIE",Persona,Independiente,Comercio,Empresa,"2016-02-23 08:00:00","2016-03-10 08:00:00"
71,61,2016-02-06,Garantías,,Asalariado,Comercio,61/+años,"2016-04-10 08:00:00","2016-03-04 08:00:00"
72,62,2016-01-07,Inversión,Persona,Independiente,Comercio,"18/24 años","2016-01-07 08:00:00","2016-02-18 08:00:00"
73,63,2016-06-08,Garantías,Persona,Independiente,Productor,"51/60 años","2016-03-11 08:00:00","2016-04-11 08:00:00"
74,64,2016-04-23,"Encontrar una oficina o cajero",Persona,Independiente,Productor,"51/60 años","2016-06-13 08:00:00","2016-01-29 08:00:00"
75,65,2016-01-04,"Necesito una tarjeta",,Asalariado,Comercio,"18/24 años","2016-05-27 08:00:00","2016-04-05 08:00:00"
76,66,2016-04-07,"Encontrar una oficina o cajero",Persona,Asalariado,Productor,"36/50 años","2016-05-26 08:00:00","2016-01-02 08:00:00"
77,67,2016-05-17,"Conocer más sobre FIE",Persona,Independiente,Productor,"51/60 años","2016-04-09 08:00:00","2016-06-05 08:00:00"
78,68,2016-02-09,"Requiero asistencia",,Independiente,Productor,61/+años,"2016-02-24 08:00:00","2016-03-18 08:00:00"
79,69,2016-01-21,"Requiero asistencia",Persona,Asalariado,Comercio,"36/50 años","2016-03-04 08:00:00","2016-05-14 08:00:00"
80,70,2016-01-08,"Libre disponibilidad",Persona,Asalariado,Comercio,"51/60 años","2016-05-31 08:00:00","2016-01-06 08:00:00"
81,71,2016-04-12,Operación,Persona,Independiente,Comercio,Empresa,"2016-06-03 08:00:00","2016-04-02 08:00:00"
82,72,2016-06-08,"Necesito un seguro",Persona,Asalariado,Comercio,"51/60 años","2016-03-05 08:00:00","2016-03-10 08:00:00"
83,73,2016-02-27,"Necesito un seguro",,Asalariado,Comercio,"51/60 años","2016-03-31 08:00:00","2016-04-29 08:00:00"
84,74,2016-04-28,"Realizar una transacción",,Independiente,Comercio,"36/50 años","2016-04-11 08:00:00","2016-06-07 08:00:00"
85,75,2016-03-26,"Realizar una transacción",Persona,Asalariado,Comercio,Empresa,"2016-01-27 08:00:00","2016-02-20 08:00:00"
86,76,2016-04-22,"Encontrar una oficina o cajero",Persona,Independiente,Comercio,"51/60 años","2016-04-27 08:00:00","2016-01-08 08:00:00"
87,77,2016-01-00,Vivienda,Persona,Independiente,Productor,"36/50 años","2016-05-12 08:00:00","2016-05-14 08:00:00"
88,78,2016-01-01,"Realizar una transacción",Persona,Independiente,Productor,"18/24 años","2016-05-12 08:00:00","2016-06-25 08:00:00"
89,79,2016-05-26,"Encontrar una oficina o cajero",Persona,Asalariado,Comercio,"18/24 años","2016-02-19 08:00:00","2016-02-28 08:00:00"
90,80,2016-06-18,Vehículos,Persona,Asalariado,Productor,"25/35 años","2016-03-05 08:00:00","2016-02-21 08:00:00"
91,81,2016-01-25,"Requiero asistencia",,Asalariado,Comercio,"36/50 años","2016-02-19 08:00:00","2016-06-03 08:00:00"
92,82,2016-05-24,Garantías,,Independiente,Comercio,"51/60 años","2016-02-05 08:00:00","2016-04-01 08:00:00"
93,83,2016-03-09,"Realizar una transacción",Persona,Asalariado,Productor,"18/24 años","2016-05-08 08:00:00","2016-01-13 08:00:00"
94,84,2016-05-21,"Necesito un seguro",Persona,Asalariado,Comercio,"36/50 años","2016-06-25 08:00:00","2016-06-25 08:00:00"
95,85,2016-02-04,"Necesito una tarjeta",,Independiente,Productor,"36/50 años","2016-02-25 08:00:00","2016-04-26 08:00:00"
96,86,2016-01-04,"Requiero asistencia",,Asalariado,Comercio,"51/60 años","2016-02-15 08:00:00","2016-03-21 08:00:00"
97,87,2016-05-28,Ahorrar,,Asalariado,Comercio,Empresa,"2016-05-04 08:00:00","2016-01-08 08:00:00"
98,88,2016-03-25,"Necesito una tarjeta",,Independiente,Comercio,"36/50 años","2016-06-08 08:00:00","2016-06-27 08:00:00"
99,89,2016-05-04,"Conocer más sobre FIE",,Asalariado,Productor,Empresa,"2016-05-09 08:00:00","2016-02-07 08:00:00"
100,90,2016-03-23,Inversión,Persona,Asalariado,Comercio,"18/24 años","2016-06-22 08:00:00","2016-02-16 08:00:00"
101,91,2016-06-13,"Necesito una tarjeta",,Asalariado,Productor,Empresa,"2016-03-15 08:00:00","2016-04-14 08:00:00"
102,92,2016-02-23,"Libre disponibilidad",,Independiente,Productor,"36/50 años","2016-03-25 08:00:00","2016-04-18 08:00:00"
103,93,2016-06-19,Educación,Persona,Asalariado,Productor,61/+años,"2016-02-20 08:00:00","2016-01-04 08:00:00"
104,94,2016-03-05,Garantías,,Independiente,Productor,61/+años,"2016-06-21 08:00:00","2016-02-08 08:00:00"
105,95,2016-02-17,Garantías,Persona,Independiente,Comercio,Empresa,"2016-01-10 08:00:00","2016-04-30 08:00:00"
106,96,2016-03-05,"Necesito un seguro",,Independiente,Comercio,"51/60 años","2016-02-01 08:00:00","2016-06-10 08:00:00"
107,97,2016-01-07,"Requiero asistencia",,Independiente,Comercio,"25/35 años","2016-06-05 08:00:00","2016-03-24 08:00:00"
108,98,2016-04-19,"Encontrar una oficina o cajero",,Independiente,Comercio,"18/24 años","2016-06-24 08:00:00","2016-01-30 08:00:00"
109,99,2016-04-06,Garantías,Persona,Independiente,Productor,61/+años,"2016-05-06 08:00:00","2016-05-25 08:00:00"
110,100,2016-05-13,"Necesito una tarjeta",,Independiente,Comercio,"25/35 años","2016-01-24 08:00:00","2016-05-05 08:00:00"
111,101,2016-04-12,"Necesito una tarjeta",,Independiente,Productor,"25/35 años","2016-02-12 08:00:00","2016-01-24 08:00:00"
112,102,2016-06-16,"Encontrar una oficina o cajero",,Asalariado,Comercio,"25/35 años","2016-03-23 08:00:00","2016-04-16 08:00:00"
113,103,2016-01-12,"Realizar una transacción",Persona,Asalariado,Comercio,"36/50 años","2016-02-25 08:00:00","2016-04-02 08:00:00"
114,104,2016-06-09,"Encontrar una oficina o cajero",,Asalariado,Productor,"18/24 años","2016-03-31 08:00:00","2016-05-28 08:00:00"
115,105,2016-05-08,Vivienda,,Independiente,Productor,"36/50 años","2016-05-14 08:00:00","2016-05-21 08:00:00"
116,106,2016-04-18,"Conocer más sobre FIE",,Asalariado,Productor,"51/60 años","2016-03-26 08:00:00","2016-05-29 08:00:00"
117,107,2016-05-24,"Mi actividad",Persona,Independiente,Productor,"18/24 años","2016-02-07 08:00:00","2016-03-02 08:00:00"
118,108,2016-04-22,"Conocer más sobre FIE",,Asalariado,Productor,"25/35 años","2016-03-22 08:00:00","2016-04-10 08:00:00"
119,109,2016-06-19,Educación,,Independiente,Comercio,"51/60 años","2016-02-27 08:00:00","2016-01-14 08:00:00"
120,110,2016-04-17,"Requiero asistencia",Persona,Independiente,Comercio,61/+años,"2016-02-24 08:00:00","2016-06-20 08:00:00"
121,111,2016-02-03,Operación,Persona,Asalariado,Productor,61/+años,"2016-03-08 08:00:00","2016-04-17 08:00:00"
122,112,2016-03-06,Garantías,Persona,Asalariado,Productor,61/+años,"2016-06-10 08:00:00","2016-01-09 08:00:00"
123,113,2016-06-18,"Necesito una tarjeta",Persona,Independiente,Productor,Empresa,"2016-06-07 08:00:00","2016-05-16 08:00:00"
124,114,2016-01-30,Educación,Persona,Asalariado,Productor,61/+años,"2016-06-26 08:00:00","2016-01-24 08:00:00"
125,115,2016-04-23,Garantías,,Independiente,Comercio,61/+años,"2016-01-24 08:00:00","2016-04-15 08:00:00"
126,116,2016-01-22,Vivienda,,Asalariado,Productor,"18/24 años","2016-06-09 08:00:00","2016-04-28 08:00:00"
127,117,2016-06-02,Operación,,Independiente,Productor,"36/50 años","2016-05-24 08:00:00","2016-06-08 08:00:00"
128,118,2016-02-14,Garantías,,Independiente,Productor,"51/60 años","2016-01-13 08:00:00","2016-03-01 08:00:00"
129,119,2016-01-26,"Conocer más sobre FIE",Persona,Asalariado,Comercio,"25/35 años","2016-06-07 08:00:00","2016-02-01 08:00:00"
130,120,2016-04-06,"Necesito un seguro",,Independiente,Comercio,"36/50 años","2016-05-18 08:00:00","2016-01-28 08:00:00"
131,121,2016-06-24,Vivienda,Persona,Independiente,Productor,Empresa,"2016-05-25 08:00:00","2016-02-18 08:00:00"
132,122,2016-06-03,Garantías,,Independiente,Comercio,"18/24 años","2016-03-05 08:00:00","2016-06-06 08:00:00"
133,123,2016-06-04,Vivienda,,Independiente,Productor,"51/60 años","2016-06-13 08:00:00","2016-01-10 08:00:00"
134,124,2016-05-04,"Encontrar una oficina o cajero",,Independiente,Productor,Empresa,"2016-06-12 08:00:00","2016-05-10 08:00:00"
135,125,2016-02-20,"Libre disponibilidad",,Asalariado,Comercio,"36/50 años","2016-01-06 08:00:00","2016-04-21 08:00:00"
136,126,2016-03-02,Ahorrar,Persona,Independiente,Productor,61/+años,"2016-04-10 08:00:00","2016-06-14 08:00:00"
137,127,2016-04-17,"Libre disponibilidad",,Asalariado,Productor,"25/35 años","2016-02-25 08:00:00","2016-03-30 08:00:00"
138,128,2016-05-01,Ahorrar,Persona,Asalariado,Productor,"51/60 años","2016-06-08 08:00:00","2016-04-03 08:00:00"
139,129,2016-01-06,"Mi actividad",,Asalariado,Comercio,Empresa,"2016-03-30 08:00:00","2016-03-09 08:00:00"
140,130,2016-05-06,Educación,Persona,Asalariado,Comercio,"25/35 años","2016-02-18 08:00:00","2016-04-05 08:00:00"
141,131,2016-05-22,"Necesito un seguro",Persona,Asalariado,Comercio,"18/24 años","2016-02-06 08:00:00","2016-04-19 08:00:00"
142,132,2016-02-04,Educación,Persona,Asalariado,Productor,"25/35 años","2016-05-06 08:00:00","2016-03-05 08:00:00"
143,133,2016-04-19,"Necesito una tarjeta",,Asalariado,Productor,Empresa,"2016-03-02 08:00:00","2016-05-26 08:00:00"
144,134,2016-01-00,Ahorrar,Persona,Independiente,Productor,"18/24 años","2016-03-04 08:00:00","2016-06-05 08:00:00"
145,135,2016-01-23,"Realizar una transacción",Persona,Independiente,Productor,Empresa,"2016-01-24 08:00:00","2016-01-06 08:00:00"
146,136,2016-04-19,Vivienda,,Independiente,Comercio,"18/24 años","2016-06-03 08:00:00","2016-01-17 08:00:00"
147,137,2016-06-24,Garantías,Persona,Asalariado,Comercio,"25/35 años","2016-05-31 08:00:00","2016-01-04 08:00:00"
148,138,2016-05-26,Garantías,,Independiente,Productor,Empresa,"2016-04-11 08:00:00","2016-06-08 08:00:00"
149,139,2016-02-10,"Requiero asistencia",,Independiente,Comercio,"36/50 años","2016-02-01 08:00:00","2016-01-25 08:00:00"
150,140,2016-02-14,Ahorrar,Persona,Asalariado,Comercio,Empresa,"2016-06-11 08:00:00","2016-05-24 08:00:00"
151,141,2016-01-26,Operación,,Asalariado,Comercio,61/+años,"2016-06-27 08:00:00","2016-06-26 08:00:00"
152,142,2016-03-03,Operación,Persona,Independiente,Comercio,"25/35 años","2016-04-28 08:00:00","2016-06-22 08:00:00"
153,143,2016-02-01,Ahorrar,Persona,Independiente,Productor,"36/50 años","2016-03-23 08:00:00","2016-06-01 08:00:00"
154,144,2016-03-22,"Realizar una transacción",,Asalariado,Comercio,"25/35 años","2016-01-25 08:00:00","2016-06-10 08:00:00"
155,145,2016-04-18,"Libre disponibilidad",Persona,Independiente,Productor,"36/50 años","2016-01-13 08:00:00","2016-01-30 08:00:00"
156,146,2016-01-26,"Mi actividad",,Asalariado,Productor,Empresa,"2016-04-13 08:00:00","2016-02-14 08:00:00"
157,147,2016-04-06,Inversión,,Independiente,Productor,61/+años,"2016-03-24 08:00:00","2016-03-27 08:00:00"
158,148,2016-05-12,"Encontrar una oficina o cajero",Persona,Asalariado,Productor,61/+años,"2016-04-11 08:00:00","2016-02-01 08:00:00"
159,149,2016-01-21,Vivienda,Persona,Independiente,Comercio,"51/60 años","2016-01-03 08:00:00","2016-04-11 08:00:00"
160,150,2016-03-31,Vivienda,Persona,Independiente,Productor,"51/60 años","2016-05-20 08:00:00","2016-06-16 08:00:00"
161,151,2016-06-16,"Realizar una transacción",,Asalariado,Productor,"18/24 años","2016-06-11 08:00:00","2016-06-12 08:00:00"
162,152,2016-05-13,"Requiero asistencia",,Asalariado,Comercio,"51/60 años","2016-05-21 08:00:00","2016-02-14 08:00:00"
163,153,2016-01-16,"Realizar una transacción",,Independiente,Comercio,61/+años,"2016-04-25 08:00:00","2016-01-28 08:00:00"
164,154,2016-06-01,Garantías,,Asalariado,Comercio,61/+años,"2016-02-21 08:00:00","2016-04-29 08:00:00"
165,155,2016-02-29,"Libre disponibilidad",Persona,Asalariado,Comercio,"25/35 años","2016-02-27 08:00:00","2016-03-17 08:00:00"
166,156,2016-04-02,Vehículos,Persona,Asalariado,Comercio,"18/24 años","2016-03-24 08:00:00","2016-03-20 08:00:00"
167,157,2016-04-14,"Mi actividad",Persona,Asalariado,Productor,"25/35 años","2016-06-17 08:00:00","2016-03-01 08:00:00"
168,158,2016-02-05,"Realizar una transacción",,Independiente,Comercio,"25/35 años","2016-06-16 08:00:00","2016-05-29 08:00:00"
169,159,2016-03-06,"Requiero asistencia",,Asalariado,Comercio,"36/50 años","2016-04-26 08:00:00","2016-01-18 08:00:00"
170,160,2016-03-26,Vivienda,Persona,Independiente,Comercio,Empresa,"2016-02-11 08:00:00","2016-03-02 08:00:00"
171,161,2016-01-19,"Encontrar una oficina o cajero",,Asalariado,Comercio,"25/35 años","2016-01-26 08:00:00","2016-05-04 08:00:00"
172,162,2016-02-02,"Requiero asistencia",Persona,Asalariado,Productor,"25/35 años","2016-02-28 08:00:00","2016-03-02 08:00:00"
173,163,2016-01-28,"Mi actividad",,Independiente,Comercio,"51/60 años","2016-04-12 08:00:00","2016-04-29 08:00:00"
174,164,2016-01-05,"Realizar una transacción",Persona,Independiente,Productor,61/+años,"2016-03-07 08:00:00","2016-04-22 08:00:00"
175,165,2016-04-11,"Encontrar una oficina o cajero",,Asalariado,Comercio,61/+años,"2016-03-24 08:00:00","2016-05-17 08:00:00"
176,166,2016-06-19,"Necesito un seguro",Persona,Asalariado,Comercio,"18/24 años","2016-03-12 08:00:00","2016-01-12 08:00:00"
177,167,2016-04-06,Ahorrar,Persona,Independiente,Productor,61/+años,"2016-05-04 08:00:00","2016-02-04 08:00:00"
178,168,2016-04-08,Garantías,Persona,Independiente,Comercio,"51/60 años","2016-01-09 08:00:00","2016-01-12 08:00:00"
179,169,2016-05-18,Ahorrar,Persona,Asalariado,Comercio,Empresa,"2016-03-13 08:00:00","0000-00-00 00:00:00"
180,170,2016-05-19,"Requiero asistencia",,Asalariado,Comercio,61/+años,"2016-03-13 08:00:00","2016-05-24 08:00:00"
181,171,2016-03-12,"Necesito un seguro",Persona,Asalariado,Comercio,"18/24 años","2016-06-02 08:00:00","2016-03-21 08:00:00"
182,172,2016-02-22,Inversión,Persona,Asalariado,Comercio,"25/35 años","2016-06-26 08:00:00","2016-02-22 08:00:00"
183,173,2016-04-17,"Encontrar una oficina o cajero",Persona,Independiente,Productor,"18/24 años","2016-02-27 08:00:00","2016-01-15 08:00:00"
184,174,2016-01-01,Educación,,Asalariado,Productor,Empresa,"2016-04-18 08:00:00","2016-06-10 08:00:00"
185,175,2016-01-07,Vivienda,Persona,Independiente,Comercio,61/+años,"2016-01-22 08:00:00","2016-01-03 08:00:00"
186,176,2016-03-16,Garantías,Persona,Asalariado,Productor,"51/60 años","2016-04-21 08:00:00","2016-05-08 08:00:00"
187,177,2016-06-06,Garantías,Persona,Asalariado,Productor,61/+años,"2016-02-08 08:00:00","2016-01-09 08:00:00"
188,178,2016-04-11,"Necesito un seguro",Persona,Independiente,Comercio,"18/24 años","2016-04-06 08:00:00","2016-02-09 08:00:00"
189,179,2016-01-17,"Realizar una transacción",Persona,Asalariado,Productor,"18/24 años","2016-03-20 08:00:00","2016-02-17 08:00:00"
190,180,2016-06-23,Educación,Persona,Independiente,Productor,61/+años,"2016-03-16 08:00:00","2016-03-16 08:00:00"
191,181,2016-03-25,"Necesito una tarjeta",Persona,Independiente,Comercio,Empresa,"2016-02-15 08:00:00","2016-02-05 08:00:00"
192,182,2016-06-02,"Mi actividad",Persona,Independiente,Comercio,"51/60 años","2016-01-13 08:00:00","2016-04-02 08:00:00"
193,183,2016-01-19,Vehículos,,Independiente,Comercio,"18/24 años","2016-02-05 08:00:00","2016-04-25 08:00:00"
194,184,2016-06-26,Educación,Persona,Asalariado,Productor,"25/35 años","2016-05-17 08:00:00","2016-03-22 08:00:00"
195,185,2016-04-10,Garantías,,Independiente,Productor,"51/60 años","2016-04-05 08:00:00","2016-04-16 08:00:00"
196,186,2016-01-25,Garantías,,Asalariado,Productor,"51/60 años","2016-06-10 08:00:00","2016-03-26 08:00:00"
197,187,2016-01-31,Vehículos,Persona,Independiente,Comercio,"51/60 años","2016-02-25 08:00:00","2016-03-03 08:00:00"
198,188,2016-04-30,Vehículos,,Asalariado,Productor,"51/60 años","2016-05-31 08:00:00","2016-02-24 08:00:00"
199,189,2016-05-19,Vehículos,,Independiente,Comercio,"18/24 años","2016-02-25 08:00:00","2016-06-20 08:00:00"
200,190,2016-06-10,"Requiero asistencia",,Asalariado,Productor,61/+años,"2016-01-05 08:00:00","2016-06-03 08:00:00"
201,191,2016-04-15,Garantías,,Independiente,Productor,61/+años,"2016-04-23 08:00:00","2016-01-17 08:00:00"
202,192,2016-01-09,Operación,Persona,Asalariado,Productor,"18/24 años","2016-06-11 08:00:00","2016-05-09 08:00:00"
203,193,2016-04-13,"Realizar una transacción",Persona,Asalariado,Comercio,Empresa,"2016-06-10 08:00:00","2016-01-24 08:00:00"
204,194,2016-04-26,"Libre disponibilidad",Persona,Independiente,Comercio,"18/24 años","2016-06-25 08:00:00","2016-05-19 08:00:00"
205,195,2016-06-22,"Conocer más sobre FIE",,Independiente,Comercio,"36/50 años","2016-06-10 08:00:00","2016-04-17 08:00:00"
206,196,2016-04-27,Operación,,Independiente,Productor,"51/60 años","2016-05-02 08:00:00","2016-03-15 08:00:00"
207,197,2016-01-11,Operación,Persona,Independiente,Productor,61/+años,"2016-03-23 08:00:00","2016-01-26 08:00:00"
208,198,2016-06-26,"Libre disponibilidad",Persona,Asalariado,Comercio,"18/24 años","2016-04-04 08:00:00","2016-05-20 08:00:00"
209,199,2016-05-01,Vivienda,,Asalariado,Productor,"25/35 años","2016-02-16 08:00:00","2016-06-01 08:00:00"
210,200,2016-05-05,Garantías,,Asalariado,Comercio,"36/50 años","2016-06-10 08:00:00","2016-01-28 08:00:00"
211,201,2016-05-29,"Conocer más sobre FIE",Persona,Asalariado,Productor,"36/50 años","2016-03-11 08:00:00","2016-04-03 08:00:00"
212,202,2016-05-24,Vivienda,,Asalariado,Productor,"36/50 años","2016-05-16 08:00:00","2016-01-28 08:00:00"
213,203,2016-06-28,Garantías,,Independiente,Productor,"51/60 años","2016-02-07 08:00:00","2016-03-28 08:00:00"
214,204,2016-03-09,Vehículos,Persona,Asalariado,Productor,Empresa,"2016-01-27 08:00:00","2016-03-27 08:00:00"
215,205,2016-02-01,"Libre disponibilidad",,Independiente,Productor,"36/50 años","2016-04-03 08:00:00","2016-04-09 08:00:00"
216,206,2016-03-30,Ahorrar,,Asalariado,Comercio,"25/35 años","2016-01-20 08:00:00","2016-04-06 08:00:00"
217,207,2016-04-15,"Encontrar una oficina o cajero",Persona,Asalariado,Comercio,61/+años,"2016-05-04 08:00:00","2016-01-20 08:00:00"
218,208,2016-05-31,"Necesito una tarjeta",Persona,Independiente,Productor,"25/35 años","2016-05-23 08:00:00","2016-06-25 08:00:00"
219,209,2016-05-15,Vehículos,,Asalariado,Productor,"18/24 años","2016-01-22 08:00:00","2016-01-08 08:00:00"
220,210,2016-01-02,"Necesito un seguro",,Asalariado,Comercio,"51/60 años","2016-02-09 08:00:00","2016-04-20 08:00:00"
221,211,2016-02-07,Educación,,Independiente,Productor,"36/50 años","2016-04-12 08:00:00","2016-03-18 08:00:00"
222,212,2016-06-28,"Encontrar una oficina o cajero",,Independiente,Productor,"18/24 años","2016-02-25 08:00:00","2016-05-17 08:00:00"
223,213,2016-01-18,"Requiero asistencia",,Independiente,Comercio,"51/60 años","2016-01-11 08:00:00","2016-01-17 08:00:00"
224,214,2016-01-22,Educación,Persona,Independiente,Productor,"18/24 años","2016-04-25 08:00:00","2016-04-19 08:00:00"
225,215,2016-03-17,Vehículos,Persona,Asalariado,Comercio,"18/24 años","2016-02-13 08:00:00","2016-02-09 08:00:00"
226,216,2016-05-07,"Necesito un seguro",,Independiente,Productor,"36/50 años","2016-03-15 08:00:00","2016-05-18 08:00:00"
227,217,2016-04-08,Inversión,,Independiente,Comercio,Empresa,"2016-03-14 08:00:00","2016-03-18 08:00:00"
228,218,2016-04-21,"Necesito una tarjeta",,Asalariado,Productor,"25/35 años","2016-04-01 08:00:00","2016-01-06 08:00:00"
229,219,2016-03-28,Operación,Persona,Independiente,Productor,"36/50 años","2016-06-20 08:00:00","2016-06-17 08:00:00"
230,220,2016-05-31,"Mi actividad",Persona,Asalariado,Comercio,"51/60 años","2016-02-16 08:00:00","2016-05-25 08:00:00"
231,221,2016-05-12,Garantías,Persona,Independiente,Comercio,Empresa,"2016-06-14 08:00:00","2016-02-04 08:00:00"
232,222,2016-03-14,"Realizar una transacción",,Independiente,Comercio,"25/35 años","0000-00-00 00:00:00","2016-03-03 08:00:00"
233,223,2016-03-16,Inversión,,Asalariado,Productor,"36/50 años","2016-05-22 08:00:00","2016-03-17 08:00:00"
234,224,2016-01-31,Garantías,Persona,Independiente,Productor,"36/50 años","2016-05-28 08:00:00","2016-02-09 08:00:00"
235,225,2016-02-23,"Necesito una tarjeta",,Independiente,Comercio,61/+años,"2016-05-14 08:00:00","2016-06-18 08:00:00"
236,226,2016-03-19,"Libre disponibilidad",,Asalariado,Comercio,"25/35 años","2016-02-29 08:00:00","2016-01-13 08:00:00"
237,227,2016-05-31,"Mi actividad",,Independiente,Productor,Empresa,"2016-03-21 08:00:00","2016-04-15 08:00:00"
238,228,2016-04-19,"Realizar una transacción",Persona,Independiente,Comercio,"18/24 años","2016-01-10 08:00:00","2016-02-11 08:00:00"
239,229,2016-02-17,Operación,Persona,Asalariado,Productor,Empresa,"2016-01-10 08:00:00","2016-05-12 08:00:00"
240,230,2016-06-17,Inversión,,Independiente,Productor,"51/60 años","2016-03-21 08:00:00","2016-04-12 08:00:00"
241,231,2016-03-26,"Realizar una transacción",Persona,Independiente,Productor,"18/24 años","2016-01-03 08:00:00","2016-06-28 08:00:00"
242,232,2016-01-16,Operación,Persona,Independiente,Productor,"51/60 años","2016-04-29 08:00:00","2016-01-03 08:00:00"
243,233,2016-01-23,Garantías,,Asalariado,Comercio,61/+años,"2016-03-16 08:00:00","2016-05-08 08:00:00"
244,234,2016-04-14,Educación,,Asalariado,Comercio,"36/50 años","2016-05-02 08:00:00","2016-01-09 08:00:00"
245,235,2016-01-00,"Encontrar una oficina o cajero",Persona,Asalariado,Comercio,"25/35 años","2016-01-26 08:00:00","2016-01-22 08:00:00"
246,236,2016-05-20,"Libre disponibilidad",,Independiente,Productor,"25/35 años","2016-03-18 08:00:00","2016-02-09 08:00:00"
247,237,2016-05-24,"Necesito una tarjeta",,Asalariado,Productor,Empresa,"2016-03-18 08:00:00","2016-03-23 08:00:00"
248,238,2016-01-04,Garantías,,Independiente,Comercio,"25/35 años","2016-02-07 08:00:00","2016-06-20 08:00:00"
249,239,2016-01-23,"Libre disponibilidad",Persona,Independiente,Comercio,61/+años,"2016-04-08 08:00:00","2016-04-27 08:00:00"
250,240,2016-04-12,Vehículos,Persona,Asalariado,Productor,"51/60 años","2016-06-20 08:00:00","2016-03-10 08:00:00"
251,241,2016-04-18,"Realizar una transacción",Persona,Independiente,Comercio,"36/50 años","2016-01-27 08:00:00","2016-06-25 08:00:00"
252,242,2016-02-24,"Encontrar una oficina o cajero",,Asalariado,Productor,Empresa,"2016-01-10 08:00:00","2016-04-03 08:00:00"
253,243,2016-06-14,Vivienda,Persona,Independiente,Comercio,Empresa,"2016-03-26 08:00:00","2016-05-22 08:00:00"
254,244,2016-01-11,Educación,Persona,Asalariado,Productor,"18/24 años","2016-05-13 08:00:00","2016-05-02 08:00:00"
255,245,2016-02-14,"Necesito un seguro",Persona,Asalariado,Productor,"25/35 años","2016-02-18 08:00:00","2016-05-08 08:00:00"
256,246,2016-02-14,"Mi actividad",,Independiente,Productor,"18/24 años","2016-01-09 08:00:00","2016-03-09 08:00:00"
257,247,2016-03-03,Garantías,,Asalariado,Comercio,"51/60 años","2016-04-07 08:00:00","0000-00-00 00:00:00"
258,248,2016-02-16,Operación,Persona,Independiente,Productor,61/+años,"2016-01-16 08:00:00","2016-06-08 08:00:00"
259,249,2016-02-04,Garantías,,Independiente,Productor,Empresa,"2016-02-07 08:00:00","2016-05-23 08:00:00"
260,250,2016-03-06,Garantías,,Asalariado,Comercio,"36/50 años","2016-02-25 08:00:00","2016-01-14 08:00:00"
261,251,2016-03-13,Operación,,Independiente,Comercio,"51/60 años","2016-02-08 08:00:00","2016-05-29 08:00:00"
262,252,2016-05-19,"Encontrar una oficina o cajero",,Asalariado,Comercio,"51/60 años","2016-05-05 08:00:00","2016-04-18 08:00:00"
263,253,2016-01-14,Ahorrar,,Independiente,Productor,Empresa,"2016-05-26 08:00:00","2016-06-18 08:00:00"
264,254,2016-05-07,Garantías,Persona,Independiente,Comercio,"18/24 años","2016-05-15 08:00:00","2016-02-17 08:00:00"
265,255,2016-04-28,"Requiero asistencia",,Independiente,Comercio,61/+años,"2016-04-07 08:00:00","2016-04-27 08:00:00"
266,256,2016-03-02,"Necesito una tarjeta",Persona,Independiente,Productor,"36/50 años","2016-05-27 08:00:00","2016-02-19 08:00:00"
267,257,2016-01-14,Operación,,Independiente,Productor,"18/24 años","2016-06-07 08:00:00","2016-02-02 08:00:00"
268,258,2016-04-11,Vehículos,Persona,Independiente,Productor,"25/35 años","2016-05-16 08:00:00","2016-01-31 08:00:00"
269,259,2016-05-03,Vivienda,,Independiente,Productor,Empresa,"2016-01-11 08:00:00","2016-04-24 08:00:00"
270,260,2016-01-07,Vehículos,Persona,Independiente,Comercio,"51/60 años","2016-04-08 08:00:00","2016-01-25 08:00:00"
271,261,2016-02-19,Operación,,Asalariado,Productor,"51/60 años","2016-01-31 08:00:00","2016-03-19 08:00:00"
272,262,2016-03-16,"Necesito una tarjeta",,Independiente,Productor,"36/50 años","2016-05-20 08:00:00","2016-05-01 08:00:00"
273,263,2016-06-14,"Libre disponibilidad",Persona,Asalariado,Comercio,"18/24 años","2016-04-13 08:00:00","2016-06-17 08:00:00"
274,264,2016-03-28,Vivienda,,Asalariado,Comercio,"51/60 años","2016-06-11 08:00:00","2016-04-10 08:00:00"
275,265,2016-06-25,"Realizar una transacción",Persona,Asalariado,Productor,61/+años,"2016-06-07 08:00:00","2016-03-27 08:00:00"
276,266,2016-05-25,"Requiero asistencia",,Asalariado,Comercio,"36/50 años","2016-02-13 08:00:00","2016-04-06 08:00:00"
277,267,2016-01-03,Garantías,,Asalariado,Productor,"36/50 años","2016-03-02 08:00:00","2016-03-03 08:00:00"
278,268,2016-04-27,Garantías,,Asalariado,Productor,Empresa,"2016-01-28 08:00:00","2016-02-27 08:00:00"
279,269,2016-04-01,Vehículos,Persona,Independiente,Productor,"51/60 años","2016-02-04 08:00:00","2016-04-05 08:00:00"
280,270,2016-04-29,Educación,Persona,Asalariado,Productor,Empresa,"2016-01-23 08:00:00","2016-06-28 08:00:00"
281,271,2016-03-12,"Conocer más sobre FIE",Persona,Independiente,Comercio,"25/35 años","2016-03-11 08:00:00","2016-02-09 08:00:00"
282,272,2016-05-03,"Requiero asistencia",,Independiente,Productor,"25/35 años","2016-06-02 08:00:00","2016-06-08 08:00:00"
283,273,2016-05-25,"Realizar una transacción",Persona,Asalariado,Productor,Empresa,"2016-05-26 08:00:00","2016-04-19 08:00:00"
284,274,2016-06-11,"Encontrar una oficina o cajero",,Asalariado,Comercio,Empresa,"2016-03-28 08:00:00","2016-01-18 08:00:00"
285,275,2016-06-04,Inversión,,Independiente,Productor,Empresa,"2016-01-19 08:00:00","2016-05-05 08:00:00"
286,276,2016-03-09,Garantías,Persona,Asalariado,Comercio,"25/35 años","2016-03-01 08:00:00","2016-02-09 08:00:00"
287,277,2016-03-29,"Necesito un seguro",Persona,Independiente,Comercio,"25/35 años","0000-00-00 00:00:00","2016-06-08 08:00:00"
288,278,2016-06-02,"Conocer más sobre FIE",,Independiente,Comercio,Empresa,"2016-05-09 08:00:00","2016-04-06 08:00:00"
289,279,2016-05-10,Vivienda,Persona,Asalariado,Productor,61/+años,"2016-01-05 08:00:00","2016-01-19 08:00:00"
290,280,2016-01-25,Educación,,Independiente,Productor,"51/60 años","2016-05-10 08:00:00","2016-05-14 08:00:00"
291,281,2016-01-03,Educación,Persona,Asalariado,Productor,"18/24 años","2016-03-13 08:00:00","2016-03-10 08:00:00"
292,282,2016-03-13,"Realizar una transacción",,Asalariado,Productor,"51/60 años","2016-02-10 08:00:00","2016-05-17 08:00:00"
293,283,2016-05-14,"Necesito un seguro",Persona,Asalariado,Productor,"36/50 años","2016-02-17 08:00:00","2016-03-20 08:00:00"
294,284,2016-06-14,"Libre disponibilidad",Persona,Asalariado,Productor,"18/24 años","2016-04-20 08:00:00","2016-02-16 08:00:00"
295,285,2016-04-24,"Necesito una tarjeta",Persona,Independiente,Comercio,Empresa,"2016-06-05 08:00:00","2016-05-06 08:00:00"
296,286,2016-01-16,"Mi actividad",,Asalariado,Productor,"18/24 años","2016-03-09 08:00:00","2016-01-01 08:00:00"
297,287,2016-05-01,Operación,,Independiente,Comercio,Empresa,"2016-03-07 08:00:00","2016-03-05 08:00:00"
298,288,2016-02-04,"Necesito un seguro",Persona,Independiente,Productor,"18/24 años","2016-06-12 08:00:00","2016-03-30 08:00:00"
299,289,2016-06-19,Operación,Persona,Independiente,Productor,"25/35 años","2016-05-09 08:00:00","2016-01-01 08:00:00"
300,290,2016-06-28,Vivienda,Persona,Asalariado,Comercio,"18/24 años","2016-03-06 08:00:00","2016-04-01 08:00:00"
301,291,2016-02-06,Educación,Persona,Asalariado,Productor,"18/24 años","0000-00-00 00:00:00","2016-04-30 08:00:00"
302,292,2016-01-02,"Realizar una transacción",,Independiente,Comercio,"18/24 años","2016-06-07 08:00:00","2016-04-09 08:00:00"
303,293,2016-05-16,"Conocer más sobre FIE",,Asalariado,Productor,"36/50 años","2016-02-12 08:00:00","2016-05-30 08:00:00"
304,294,2016-02-10,Operación,,Independiente,Productor,"51/60 años","2016-03-28 08:00:00","2016-05-23 08:00:00"
305,295,2016-05-21,Educación,Persona,Asalariado,Comercio,Empresa,"2016-01-08 08:00:00","2016-02-17 08:00:00"
306,296,2016-04-07,Garantías,,Asalariado,Productor,Empresa,"2016-01-28 08:00:00","2016-04-11 08:00:00"
307,297,2016-02-29,Vehículos,Persona,Asalariado,Comercio,"18/24 años","2016-02-12 08:00:00","2016-05-09 08:00:00"
308,298,2016-01-14,"Libre disponibilidad",Persona,Asalariado,Comercio,"51/60 años","2016-06-06 08:00:00","2016-05-12 08:00:00"
309,299,2016-06-15,"Necesito un seguro",Persona,Asalariado,Productor,"18/24 años","2016-02-05 08:00:00","2016-01-09 08:00:00"
310,300,2016-03-24,Educación,,Asalariado,Comercio,"36/50 años","2016-05-09 08:00:00","2016-06-28 08:00:00"
311,301,2016-03-31,"Conocer más sobre FIE",Persona,Independiente,Comercio,61/+años,"2016-01-03 08:00:00","2016-05-24 08:00:00"
312,302,2016-02-02,"Necesito una tarjeta",Persona,Asalariado,Productor,Empresa,"2016-02-16 08:00:00","2016-06-14 08:00:00"
313,303,2016-03-28,Inversión,,Asalariado,Comercio,61/+años,"2016-02-01 08:00:00","2016-01-15 08:00:00"
314,304,2016-06-03,Garantías,Persona,Asalariado,Productor,"51/60 años","2016-05-11 08:00:00","2016-06-06 08:00:00"
315,305,2016-05-05,"Necesito un seguro",Persona,Asalariado,Comercio,"36/50 años","2016-01-02 08:00:00","2016-02-12 08:00:00"
316,306,2016-03-22,Educación,Persona,Independiente,Comercio,"18/24 años","2016-06-08 08:00:00","2016-06-23 08:00:00"
317,307,2016-06-25,"Libre disponibilidad",Persona,Independiente,Productor,"36/50 años","2016-03-23 08:00:00","2016-02-19 08:00:00"
318,308,2016-01-10,Inversión,,Independiente,Productor,"18/24 años","2016-06-09 08:00:00","2016-04-13 08:00:00"
319,309,2016-01-01,"Libre disponibilidad",Persona,Independiente,Comercio,"36/50 años","2016-06-18 08:00:00","2016-04-15 08:00:00"
320,310,2016-04-08,"Conocer más sobre FIE",,Asalariado,Comercio,Empresa,"2016-05-30 08:00:00","2016-01-09 08:00:00"
321,311,2016-03-01,Vehículos,Persona,Independiente,Productor,61/+años,"2016-04-22 08:00:00","2016-03-23 08:00:00"
322,312,2016-02-26,Operación,,Asalariado,Comercio,Empresa,"2016-03-01 08:00:00","2016-03-10 08:00:00"
323,313,2016-01-22,"Realizar una transacción",Persona,Independiente,Productor,"18/24 años","2016-05-01 08:00:00","2016-01-25 08:00:00"
324,314,2016-05-01,"Libre disponibilidad",,Independiente,Productor,Empresa,"2016-02-26 08:00:00","2016-06-01 08:00:00"
325,315,2016-06-07,"Realizar una transacción",Persona,Independiente,Productor,Empresa,"2016-06-12 08:00:00","2016-01-22 08:00:00"
326,316,2016-01-15,Garantías,Persona,Asalariado,Productor,"51/60 años","2016-02-24 08:00:00","2016-05-12 08:00:00"
327,317,2016-04-28,Vivienda,,Independiente,Productor,"25/35 años","2016-02-28 08:00:00","2016-01-04 08:00:00"
328,318,2016-04-08,Vivienda,,Asalariado,Productor,"51/60 años","2016-04-24 08:00:00","2016-05-09 08:00:00"
329,319,2016-01-24,Inversión,,Asalariado,Comercio,"25/35 años","2016-06-23 08:00:00","2016-03-30 08:00:00"
330,320,2016-06-19,"Necesito una tarjeta",,Asalariado,Productor,"25/35 años","2016-04-29 08:00:00","2016-04-21 08:00:00"
331,321,2016-02-21,"Realizar una transacción",Persona,Independiente,Productor,"36/50 años","2016-05-14 08:00:00","2016-05-03 08:00:00"
332,322,2016-02-07,"Requiero asistencia",Persona,Asalariado,Comercio,"25/35 años","2016-01-09 08:00:00","2016-04-14 08:00:00"
333,323,2016-01-04,Vehículos,Persona,Independiente,Comercio,Empresa,"2016-04-30 08:00:00","2016-06-26 08:00:00"
334,324,2016-06-17,Vehículos,Persona,Asalariado,Productor,Empresa,"2016-01-08 08:00:00","2016-04-26 08:00:00"
335,325,2016-03-16,"Requiero asistencia",,Independiente,Comercio,61/+años,"2016-01-10 08:00:00","2016-01-01 08:00:00"
336,326,2016-03-16,"Necesito un seguro",,Asalariado,Comercio,61/+años,"2016-06-10 08:00:00","2016-03-19 08:00:00"
337,327,2016-06-14,"Requiero asistencia",Persona,Asalariado,Comercio,"18/24 años","2016-01-05 08:00:00","2016-02-26 08:00:00"
338,328,2016-05-23,Inversión,Persona,Independiente,Comercio,"25/35 años","2016-02-22 08:00:00","2016-06-05 08:00:00"
339,329,2016-04-03,"Realizar una transacción",,Independiente,Productor,"18/24 años","2016-03-21 08:00:00","2016-02-14 08:00:00"
340,330,2016-04-08,Inversión,Persona,Independiente,Productor,Empresa,"2016-05-31 08:00:00","2016-02-11 08:00:00"
341,331,2016-06-02,Garantías,,Asalariado,Comercio,"51/60 años","2016-02-16 08:00:00","2016-06-05 08:00:00"
342,332,2016-01-10,"Necesito un seguro",Persona,Asalariado,Comercio,61/+años,"2016-04-04 08:00:00","2016-02-23 08:00:00"
343,333,2016-02-17,"Mi actividad",,Asalariado,Comercio,61/+años,"2016-06-09 08:00:00","2016-04-16 08:00:00"
344,334,2016-02-07,Vehículos,,Asalariado,Comercio,Empresa,"2016-06-18 08:00:00","2016-05-25 08:00:00"
345,335,2016-05-08,"Requiero asistencia",,Asalariado,Productor,Empresa,"2016-04-18 08:00:00","2016-04-25 08:00:00"
346,336,2016-03-02,"Realizar una transacción",Persona,Asalariado,Comercio,"18/24 años","2016-06-28 08:00:00","2016-02-11 08:00:00"
347,337,2016-05-07,Garantías,Persona,Independiente,Productor,"25/35 años","2016-05-18 08:00:00","2016-01-21 08:00:00"
348,338,2016-03-04,"Conocer más sobre FIE",Persona,Independiente,Comercio,"51/60 años","2016-01-13 08:00:00","2016-06-05 08:00:00"
349,339,2016-06-22,"Necesito una tarjeta",,Independiente,Productor,Empresa,"2016-04-21 08:00:00","2016-01-27 08:00:00"
350,340,2016-06-17,Inversión,,Independiente,Comercio,61/+años,"2016-06-10 08:00:00","2016-01-03 08:00:00"
351,341,2016-03-08,"Conocer más sobre FIE",Persona,Independiente,Comercio,"25/35 años","2016-01-14 08:00:00","2016-04-07 08:00:00"
352,342,2016-04-08,Ahorrar,Persona,Asalariado,Productor,"36/50 años","2016-04-06 08:00:00","2016-02-26 08:00:00"
353,343,2016-04-01,Educación,,Independiente,Productor,"51/60 años","2016-05-27 08:00:00","2016-01-18 08:00:00"
354,344,2016-01-10,"Conocer más sobre FIE",Persona,Asalariado,Productor,"25/35 años","2016-06-09 08:00:00","2016-02-28 08:00:00"
355,345,2016-03-15,Educación,Persona,Independiente,Productor,"18/24 años","2016-04-13 08:00:00","2016-04-20 08:00:00"
356,346,2016-06-03,"Necesito un seguro",,Asalariado,Productor,"18/24 años","2016-02-29 08:00:00","2016-04-24 08:00:00"
357,347,2016-04-23,"Requiero asistencia",Persona,Independiente,Comercio,"51/60 años","2016-05-29 08:00:00","2016-04-09 08:00:00"
358,348,2016-01-28,"Encontrar una oficina o cajero",Persona,Asalariado,Productor,"18/24 años","2016-04-26 08:00:00","2016-06-05 08:00:00"
359,349,2016-05-19,Garantías,,Independiente,Productor,Empresa,"2016-06-08 08:00:00","2016-05-26 08:00:00"
360,350,2016-05-21,"Encontrar una oficina o cajero",Persona,Independiente,Productor,61/+años,"2016-04-09 08:00:00","2016-03-21 08:00:00"
361,351,2016-02-15,"Libre disponibilidad",Persona,Asalariado,Productor,"25/35 años","2016-04-19 08:00:00","2016-03-26 08:00:00"
362,352,2016-01-21,"Conocer más sobre FIE",Persona,Independiente,Productor,Empresa,"2016-01-02 08:00:00","2016-02-05 08:00:00"
363,353,2016-04-07,"Realizar una transacción",Persona,Asalariado,Productor,"18/24 años","2016-06-19 08:00:00","2016-06-04 08:00:00"
364,354,2016-06-21,Ahorrar,Persona,Asalariado,Comercio,"51/60 años","2016-02-09 08:00:00","2016-02-15 08:00:00"
365,355,2016-01-13,"Realizar una transacción",Persona,Asalariado,Productor,Empresa,"2016-06-09 08:00:00","2016-05-20 08:00:00"
366,356,2016-04-01,Garantías,,Independiente,Comercio,61/+años,"2016-02-10 08:00:00","2016-01-23 08:00:00"
367,357,2016-06-23,Ahorrar,Persona,Asalariado,Productor,Empresa,"2016-05-22 08:00:00","2016-01-28 08:00:00"
368,358,2016-03-01,"Encontrar una oficina o cajero",,Independiente,Productor,Empresa,"2016-02-06 08:00:00","2016-06-18 08:00:00"
369,359,2016-02-26,Vehículos,,Independiente,Productor,"18/24 años","2016-03-13 08:00:00","2016-06-24 08:00:00"
370,360,2016-06-20,"Encontrar una oficina o cajero",Persona,Asalariado,Productor,"25/35 años","2016-02-07 08:00:00","2016-05-03 08:00:00"
371,361,2016-01-15,Educación,,Independiente,Comercio,"18/24 años","2016-03-12 08:00:00","2016-02-26 08:00:00"
372,362,2016-04-07,Operación,Persona,Asalariado,Productor,"25/35 años","2016-06-07 08:00:00","2016-01-30 08:00:00"
373,363,2016-04-19,"Mi actividad",,Independiente,Productor,"25/35 años","2016-06-23 08:00:00","2016-05-21 08:00:00"
374,364,2016-04-08,"Mi actividad",,Independiente,Productor,"51/60 años","2016-03-01 08:00:00","2016-01-06 08:00:00"
375,365,2016-03-24,"Necesito un seguro",Persona,Asalariado,Productor,"51/60 años","2016-02-24 08:00:00","2016-03-21 08:00:00"
376,366,2016-02-03,Vehículos,,Asalariado,Productor,"36/50 años","2016-02-06 08:00:00","2016-05-06 08:00:00"
377,367,2016-05-18,Garantías,Persona,Asalariado,Comercio,"36/50 años","2016-02-14 08:00:00","2016-02-04 08:00:00"
378,368,2016-04-26,"Mi actividad",Persona,Asalariado,Productor,"36/50 años","2016-06-09 08:00:00","2016-06-06 08:00:00"
379,369,2016-03-02,"Conocer más sobre FIE",,Independiente,Productor,"51/60 años","2016-01-20 08:00:00","2016-05-21 08:00:00"
380,370,2016-01-02,Vivienda,,Independiente,Comercio,"25/35 años","2016-01-24 08:00:00","2016-04-04 08:00:00"
381,371,2016-02-09,"Requiero asistencia",,Independiente,Comercio,Empresa,"2016-01-30 08:00:00","2016-06-02 08:00:00"
382,372,2016-03-31,Vivienda,Persona,Independiente,Productor,"18/24 años","2016-06-10 08:00:00","2016-01-13 08:00:00"
383,373,2016-03-22,Ahorrar,,Asalariado,Productor,"51/60 años","2016-06-20 08:00:00","2016-05-24 08:00:00"
384,374,2016-01-05,Vivienda,,Asalariado,Productor,"36/50 años","2016-04-28 08:00:00","2016-02-01 08:00:00"
385,375,2016-05-26,Vivienda,,Asalariado,Productor,"51/60 años","2016-05-03 08:00:00","2016-01-15 08:00:00"
386,376,2016-05-29,Inversión,Persona,Asalariado,Comercio,"51/60 años","2016-05-13 08:00:00","2016-02-04 08:00:00"
387,377,2016-02-26,Ahorrar,,Asalariado,Productor,"18/24 años","2016-02-09 08:00:00","2016-04-06 08:00:00"
388,378,2016-05-07,Ahorrar,Persona,Independiente,Comercio,Empresa,"2016-03-07 08:00:00","2016-03-12 08:00:00"
389,379,2016-03-27,Inversión,,Independiente,Productor,"25/35 años","2016-06-26 08:00:00","2016-01-20 08:00:00"
390,380,2016-06-01,Ahorrar,,Independiente,Comercio,"25/35 años","2016-06-04 08:00:00","2016-05-29 08:00:00"
391,381,2016-06-14,Ahorrar,,Asalariado,Comercio,"18/24 años","2016-02-13 08:00:00","2016-04-29 08:00:00"
392,382,2016-04-30,Educación,Persona,Asalariado,Productor,Empresa,"2016-04-30 08:00:00","2016-01-02 08:00:00"
393,383,2016-05-11,Educación,,Asalariado,Comercio,Empresa,"2016-03-02 08:00:00","2016-03-19 08:00:00"
394,384,2016-05-22,Garantías,,Independiente,Productor,"36/50 años","2016-02-25 08:00:00","2016-02-19 08:00:00"
395,385,2016-05-25,Garantías,,Independiente,Productor,"25/35 años","2016-04-04 08:00:00","2016-01-29 08:00:00"
396,386,2016-01-24,Garantías,,Asalariado,Comercio,"18/24 años","2016-06-19 08:00:00","2016-05-21 08:00:00"
397,387,2016-04-16,Vehículos,Persona,Asalariado,Comercio,61/+años,"2016-04-09 08:00:00","2016-04-13 08:00:00"
398,388,2016-05-21,Educación,Persona,Asalariado,Productor,61/+años,"2016-01-07 08:00:00","2016-04-07 08:00:00"
399,389,2016-02-15,Operación,Persona,Asalariado,Comercio,"18/24 años","2016-05-01 08:00:00","2016-03-01 08:00:00"
400,390,2016-03-07,Operación,Persona,Independiente,Comercio,61/+años,"2016-01-09 08:00:00","2016-02-16 08:00:00"
401,391,2016-06-05,"Necesito un seguro",Persona,Asalariado,Productor,61/+años,"2016-01-08 08:00:00","2016-02-07 08:00:00"
402,392,2016-01-10,Ahorrar,Persona,Independiente,Comercio,"18/24 años","2016-01-31 08:00:00","2016-03-14 08:00:00"
403,393,2016-05-14,Operación,,Independiente,Comercio,"36/50 años","2016-01-27 08:00:00","2016-02-11 08:00:00"
404,394,2016-01-00,Garantías,Persona,Independiente,Productor,"18/24 años","2016-04-13 08:00:00","2016-06-14 08:00:00"
405,395,2016-04-24,"Necesito un seguro",,Asalariado,Productor,"18/24 años","2016-03-23 08:00:00","2016-02-16 08:00:00"
406,396,2016-01-27,Vehículos,Persona,Asalariado,Comercio,"36/50 años","2016-05-03 08:00:00","2016-01-24 08:00:00"
407,397,2016-04-23,"Encontrar una oficina o cajero",Persona,Asalariado,Comercio,Empresa,"2016-02-16 08:00:00","0000-00-00 00:00:00"
408,398,2016-05-22,Operación,Persona,Independiente,Comercio,"51/60 años","2016-04-11 08:00:00","2016-04-24 08:00:00"
409,399,2016-05-15,"Necesito una tarjeta",Persona,Independiente,Productor,"51/60 años","2016-05-21 08:00:00","2016-03-08 08:00:00"
410,400,2016-05-23,"Necesito un seguro",Persona,Independiente,Comercio,61/+años,"2016-05-11 08:00:00","2016-02-18 08:00:00"
411,401,2016-01-15,"Conocer más sobre FIE",Persona,Independiente,Productor,"36/50 años","2016-04-08 08:00:00","2016-01-20 08:00:00"
412,402,2016-02-25,Operación,Persona,Independiente,Comercio,"18/24 años","2016-06-26 08:00:00","2016-05-18 08:00:00"
413,403,2016-06-26,Garantías,Persona,Asalariado,Productor,"18/24 años","2016-04-15 08:00:00","2016-04-07 08:00:00"
414,404,2016-03-09,Educación,,Asalariado,Comercio,"51/60 años","2016-02-16 08:00:00","2016-01-31 08:00:00"
415,405,2016-06-17,"Libre disponibilidad",Persona,Asalariado,Comercio,Empresa,"2016-02-12 08:00:00","2016-05-03 08:00:00"
416,406,2016-02-20,Ahorrar,Persona,Asalariado,Comercio,"36/50 años","2016-05-29 08:00:00","2016-01-26 08:00:00"
417,407,2016-01-07,Garantías,Persona,Asalariado,Productor,"51/60 años","2016-04-18 08:00:00","2016-04-19 08:00:00"
418,408,2016-05-10,"Realizar una transacción",Persona,Independiente,Productor,"18/24 años","2016-03-22 08:00:00","2016-03-22 08:00:00"
419,409,2016-06-20,"Necesito un seguro",,Asalariado,Comercio,"36/50 años","2016-02-18 08:00:00","2016-02-14 08:00:00"
420,410,2016-04-19,Garantías,Persona,Asalariado,Productor,"25/35 años","2016-04-04 08:00:00","2016-04-02 08:00:00"
421,411,2016-05-30,"Conocer más sobre FIE",Persona,Asalariado,Comercio,Empresa,"2016-03-03 08:00:00","2016-05-08 08:00:00"
422,412,2016-03-08,Garantías,Persona,Asalariado,Productor,Empresa,"2016-05-28 08:00:00","2016-03-25 08:00:00"
423,413,2016-01-05,"Conocer más sobre FIE",Persona,Independiente,Productor,"25/35 años","2016-02-05 08:00:00","2016-01-31 08:00:00"
424,414,2016-04-30,"Necesito un seguro",Persona,Asalariado,Comercio,Empresa,"2016-03-27 08:00:00","2016-02-26 08:00:00"
425,415,2016-04-06,"Conocer más sobre FIE",Persona,Asalariado,Productor,"25/35 años","2016-03-08 08:00:00","2016-05-22 08:00:00"
426,416,2016-04-23,Vivienda,Persona,Asalariado,Comercio,"36/50 años","2016-03-09 08:00:00","2016-04-15 08:00:00"
427,417,2016-03-27,Vehículos,Persona,Independiente,Productor,"51/60 años","2016-04-15 08:00:00","2016-01-24 08:00:00"
428,418,2016-01-31,"Mi actividad",,Independiente,Comercio,61/+años,"2016-04-22 08:00:00","2016-03-25 08:00:00"
429,419,2016-02-28,"Requiero asistencia",Persona,Asalariado,Comercio,"36/50 años","2016-02-17 08:00:00","2016-01-28 08:00:00"
430,420,2016-06-10,Educación,Persona,Independiente,Comercio,Empresa,"2016-03-06 08:00:00","2016-04-08 08:00:00"
431,421,2016-01-22,"Mi actividad",,Asalariado,Productor,61/+años,"2016-04-20 08:00:00","2016-04-08 08:00:00"
432,422,2016-01-00,Inversión,,Asalariado,Productor,61/+años,"2016-05-02 08:00:00","2016-06-21 08:00:00"
433,423,2016-06-23,Inversión,,Independiente,Productor,"51/60 años","2016-02-18 08:00:00","2016-02-03 08:00:00"
434,424,2016-02-01,Inversión,,Independiente,Comercio,Empresa,"2016-06-07 08:00:00","2016-02-08 08:00:00"
435,425,2016-06-25,"Conocer más sobre FIE",Persona,Independiente,Comercio,"36/50 años","2016-02-11 08:00:00","2016-03-09 08:00:00"
436,426,2016-03-17,Operación,,Independiente,Productor,61/+años,"2016-05-04 08:00:00","2016-06-03 08:00:00"
437,427,2016-03-09,"Encontrar una oficina o cajero",,Asalariado,Comercio,61/+años,"2016-04-13 08:00:00","2016-01-13 08:00:00"
438,428,2016-04-06,Ahorrar,Persona,Asalariado,Comercio,"25/35 años","2016-02-27 08:00:00","2016-05-20 08:00:00"
439,429,2016-03-17,Operación,,Asalariado,Productor,"18/24 años","2016-06-05 08:00:00","2016-02-20 08:00:00"
440,430,2016-03-01,Garantías,,Independiente,Comercio,"18/24 años","2016-02-02 08:00:00","2016-04-28 08:00:00"
441,431,2016-03-31,"Necesito una tarjeta",Persona,Asalariado,Comercio,"36/50 años","2016-06-25 08:00:00","2016-02-18 08:00:00"
442,432,2016-02-13,Ahorrar,Persona,Asalariado,Productor,61/+años,"2016-02-24 08:00:00","2016-03-25 08:00:00"
443,433,2016-03-11,Operación,Persona,Independiente,Productor,Empresa,"2016-03-16 08:00:00","2016-04-29 08:00:00"
444,434,2016-05-28,Inversión,,Asalariado,Productor,"18/24 años","2016-04-15 08:00:00","2016-06-23 08:00:00"
445,435,2016-05-18,Garantías,,Independiente,Comercio,"36/50 años","2016-04-25 08:00:00","2016-01-27 08:00:00"
446,436,2016-05-27,"Encontrar una oficina o cajero",Persona,Independiente,Productor,"25/35 años","2016-05-14 08:00:00","2016-06-24 08:00:00"
447,437,2016-05-04,"Mi actividad",Persona,Independiente,Productor,Empresa,"2016-02-25 08:00:00","2016-02-22 08:00:00"
448,438,2016-05-08,"Requiero asistencia",Persona,Asalariado,Comercio,"36/50 años","2016-03-08 08:00:00","2016-01-24 08:00:00"
449,439,2016-02-17,Vehículos,Persona,Asalariado,Comercio,"18/24 años","2016-01-21 08:00:00","2016-05-05 08:00:00"
450,440,2016-04-12,Educación,Persona,Asalariado,Productor,"18/24 años","2016-06-25 08:00:00","2016-05-11 08:00:00"
451,441,2016-04-19,"Realizar una transacción",Persona,Asalariado,Productor,"25/35 años","2016-02-26 08:00:00","2016-04-12 08:00:00"
452,442,2016-04-06,Operación,Persona,Asalariado,Comercio,"36/50 años","2016-05-23 08:00:00","2016-06-19 08:00:00"
453,443,2016-04-05,Ahorrar,,Asalariado,Comercio,"25/35 años","2016-05-17 08:00:00","2016-06-25 08:00:00"
454,444,2016-04-06,"Necesito un seguro",,Independiente,Comercio,61/+años,"2016-06-17 08:00:00","2016-04-04 08:00:00"
455,445,2016-05-01,Ahorrar,Persona,Asalariado,Comercio,"25/35 años","2016-05-05 08:00:00","2016-05-29 08:00:00"
456,446,2016-03-02,Vehículos,,Asalariado,Comercio,"36/50 años","2016-03-02 08:00:00","2016-01-08 08:00:00"
457,447,2016-03-16,Operación,Persona,Asalariado,Comercio,"51/60 años","2016-04-03 08:00:00","2016-01-14 08:00:00"
458,448,2016-06-16,Inversión,,Asalariado,Productor,Empresa,"2016-04-30 08:00:00","2016-02-25 08:00:00"
459,449,2016-01-22,"Encontrar una oficina o cajero",Persona,Asalariado,Comercio,"36/50 años","2016-02-16 08:00:00","2016-06-10 08:00:00"
460,450,2016-06-14,"Requiero asistencia",,Independiente,Comercio,Empresa,"2016-03-17 08:00:00","2016-06-28 08:00:00"
461,451,2016-06-12,"Realizar una transacción",,Asalariado,Comercio,"51/60 años","2016-01-07 08:00:00","2016-04-06 08:00:00"
462,452,2016-03-21,"Encontrar una oficina o cajero",Persona,Independiente,Comercio,"25/35 años","2016-04-22 08:00:00","2016-05-29 08:00:00"
463,453,2016-03-17,Vehículos,,Asalariado,Productor,Empresa,"2016-02-28 08:00:00","2016-05-21 08:00:00"
464,454,2016-03-06,"Necesito una tarjeta",,Independiente,Comercio,Empresa,"2016-03-05 08:00:00","2016-02-14 08:00:00"
465,455,2016-06-04,"Encontrar una oficina o cajero",Persona,Independiente,Productor,61/+años,"2016-06-09 08:00:00","2016-02-01 08:00:00"
466,456,2016-06-27,Operación,Persona,Independiente,Comercio,61/+años,"2016-01-17 08:00:00","2016-01-05 08:00:00"
467,457,2016-02-10,Garantías,,Independiente,Productor,"18/24 años","2016-01-25 08:00:00","2016-01-11 08:00:00"
468,458,2016-05-13,"Necesito un seguro",,Independiente,Productor,61/+años,"2016-04-04 08:00:00","2016-03-31 08:00:00"
469,459,2016-01-00,"Libre disponibilidad",,Independiente,Productor,Empresa,"2016-05-22 08:00:00","2016-01-31 08:00:00"
470,460,2016-03-13,"Necesito un seguro",,Asalariado,Comercio,61/+años,"2016-01-17 08:00:00","2016-03-17 08:00:00"
471,461,2016-02-02,Educación,,Independiente,Comercio,Empresa,"2016-04-14 08:00:00","2016-03-18 08:00:00"
472,462,2016-05-20,"Encontrar una oficina o cajero",Persona,Asalariado,Productor,61/+años,"2016-02-18 08:00:00","2016-06-27 08:00:00"
473,463,2016-04-13,Vehículos,Persona,Asalariado,Comercio,Empresa,"2016-01-13 08:00:00","2016-06-10 08:00:00"
474,464,2016-02-18,Garantías,Persona,Independiente,Comercio,61/+años,"2016-05-20 08:00:00","2016-01-06 08:00:00"
475,465,2016-05-13,Inversión,,Asalariado,Productor,"25/35 años","2016-05-23 08:00:00","2016-05-08 08:00:00"
476,466,2016-02-03,Educación,Persona,Asalariado,Comercio,61/+años,"2016-06-17 08:00:00","2016-05-11 08:00:00"
477,467,2016-05-12,Inversión,Persona,Asalariado,Productor,61/+años,"2016-01-28 08:00:00","2016-04-15 08:00:00"
478,468,2016-02-24,Garantías,Persona,Asalariado,Comercio,"36/50 años","2016-06-10 08:00:00","2016-05-25 08:00:00"
479,469,2016-02-24,Educación,Persona,Asalariado,Productor,"25/35 años","2016-06-25 08:00:00","2016-04-21 08:00:00"
480,470,2016-05-22,Vivienda,Persona,Asalariado,Comercio,"18/24 años","2016-05-02 08:00:00","2016-05-16 08:00:00"
481,471,2016-06-16,"Mi actividad",,Independiente,Comercio,"25/35 años","2016-02-05 08:00:00","2016-02-16 08:00:00"
482,472,2016-06-05,"Mi actividad",,Asalariado,Comercio,61/+años,"2016-02-15 08:00:00","2016-03-16 08:00:00"
483,473,2016-03-15,Educación,,Independiente,Productor,61/+años,"2016-06-01 08:00:00","2016-01-23 08:00:00"
484,474,2016-01-07,Inversión,,Asalariado,Comercio,"36/50 años","2016-06-12 08:00:00","2016-02-27 08:00:00"
485,475,2016-04-30,Inversión,Persona,Asalariado,Comercio,"25/35 años","2016-03-05 08:00:00","2016-03-01 08:00:00"
486,476,2016-01-07,"Requiero asistencia",,Asalariado,Comercio,"51/60 años","2016-03-04 08:00:00","2016-06-03 08:00:00"
487,477,2016-06-17,"Realizar una transacción",Persona,Asalariado,Productor,"18/24 años","2016-05-02 08:00:00","2016-04-02 08:00:00"
488,478,2016-02-22,"Libre disponibilidad",Persona,Independiente,Comercio,"36/50 años","2016-05-23 08:00:00","2016-01-01 08:00:00"
489,479,2016-04-03,Vehículos,Persona,Independiente,Productor,61/+años,"2016-01-16 08:00:00","2016-04-29 08:00:00"
490,480,2016-04-19,Inversión,,Independiente,Productor,"36/50 años","2016-01-14 08:00:00","2016-01-15 08:00:00"
491,481,2016-01-20,Educación,Persona,Independiente,Productor,"18/24 años","2016-03-21 08:00:00","2016-04-27 08:00:00"
492,482,2016-06-13,"Realizar una transacción",,Independiente,Productor,"25/35 años","2016-02-27 08:00:00","2016-01-20 08:00:00"
493,483,2016-06-10,"Libre disponibilidad",,Asalariado,Productor,61/+años,"2016-06-15 08:00:00","2016-03-19 08:00:00"
494,484,2016-05-21,"Libre disponibilidad",Persona,Asalariado,Comercio,"51/60 años","2016-04-27 08:00:00","2016-06-27 08:00:00"
495,485,2016-01-17,"Realizar una transacción",Persona,Asalariado,Productor,"18/24 años","2016-02-01 08:00:00","2016-06-15 08:00:00"
496,486,2016-04-30,Educación,,Asalariado,Comercio,"51/60 años","2016-04-23 08:00:00","2016-04-14 08:00:00"
497,487,2016-04-25,Garantías,,Asalariado,Productor,"36/50 años","2016-04-30 08:00:00","2016-06-17 08:00:00"
498,488,2016-02-13,"Mi actividad",,Independiente,Comercio,61/+años,"2016-02-24 08:00:00","2016-02-09 08:00:00"
499,489,2016-01-23,Vehículos,,Independiente,Productor,"25/35 años","2016-06-17 08:00:00","2016-01-11 08:00:00"
500,490,2016-06-15,"Requiero asistencia",Persona,Asalariado,Comercio,"25/35 años","2016-02-26 08:00:00","2016-01-08 08:00:00"
501,491,2016-01-21,"Requiero asistencia",,Asalariado,Productor,"25/35 años","2016-02-03 08:00:00","2016-06-16 08:00:00"
502,492,2016-05-13,"Mi actividad",,Independiente,Comercio,"51/60 años","2016-03-16 08:00:00","2016-01-05 08:00:00"
503,493,2016-01-14,Educación,,Independiente,Comercio,"36/50 años","2016-05-06 08:00:00","2016-04-04 08:00:00"
504,494,2016-02-22,"Libre disponibilidad",Persona,Asalariado,Productor,"18/24 años","2016-04-04 08:00:00","2016-05-27 08:00:00"
505,495,2016-05-22,"Necesito un seguro",Persona,Asalariado,Comercio,Empresa,"2016-05-03 08:00:00","2016-04-05 08:00:00"
506,496,2016-01-06,Educación,,Asalariado,Comercio,"18/24 años","2016-01-21 08:00:00","2016-06-18 08:00:00"
507,497,2016-03-14,Inversión,Persona,Independiente,Comercio,"18/24 años","2016-05-11 08:00:00","2016-04-08 08:00:00"
508,498,2016-04-22,"Libre disponibilidad",,Independiente,Productor,"36/50 años","2016-01-22 08:00:00","2016-03-04 08:00:00"
509,499,2016-02-17,Garantías,,Independiente,Productor,"51/60 años","2016-01-20 08:00:00","2016-05-04 08:00:00"
510,500,2016-01-11,"Encontrar una oficina o cajero",Persona,Independiente,Comercio,61/+años,"2016-03-16 08:00:00","2016-05-06 08:00:00"
